feature_id,feature_title,feature_lexeme,feature_description,collected,compiled,updated_day,updated_month,updated_year,domain,settlement,value,stimuli,answer
12,"Forms of pronoun 1SG (ABS, ERG)",I.ABS,Forms of the personal pronoun 1SG ('I') — absolutive and ergative,Maksim Melenchenko,Ilya Sadakov,16,4,2023,Pronoun,Kina,zɨ,Я рутулец,zɨ mɨχaˁdɨ jiʔi
12,"Forms of pronoun 1SG (ABS, ERG)",I.ABS,Forms of the personal pronoun 1SG ('I') — absolutive and ergative,Ilya Sadakov,Ilya Sadakov,16,4,2023,Pronoun,Kina,zɨ,Я рутулец,zɨ mɨχaˁšura i
12,"Forms of pronoun 1SG (ABS, ERG)",I.ABS,Forms of the personal pronoun 1SG ('I') — absolutive and ergative,Ilya Sadakov,Ilya Sadakov,16,4,2023,Pronoun,Luchek,zɨ,Я рутулец,zɨ mɨχaˁšura i
12,"Forms of pronoun 1SG (ABS, ERG)",I.ABS,Forms of the personal pronoun 1SG ('I') — absolutive and ergative,Ilya Sadakov,Ilya Sadakov,16,4,2023,Pronoun,Luchek,zɨ,Я рутулец,zɨ mɨχašura i
12,"Forms of pronoun 1SG (ABS, ERG)",I.ABS,Forms of the personal pronoun 1SG ('I') — absolutive and ergative,Ilya Sadakov,Ilya Sadakov,16,4,2023,Pronoun,Myukhrek,zɨ,Я из Мюхрека,zɨ mɨˁxreklaːd i
12,"Forms of pronoun 1SG (ABS, ERG)",I.ABS,Forms of the personal pronoun 1SG ('I') — absolutive and ergative,Ilya Sadakov,Ilya Sadakov,16,4,2023,Pronoun,Myukhrek,zɨ,Я рутулец,zɨ mɨχašur jiʔi
12,"Forms of pronoun 1SG (ABS, ERG)",I.ABS,Forms of the personal pronoun 1SG ('I') — absolutive and ergative,Ilya Sadakov,Ilya Sadakov,16,4,2023,Pronoun,Ikhrek,zɨ,Я рутулец,zɨ rutulec
12,"Forms of pronoun 1SG (ABS, ERG)",I.ABS,Forms of the personal pronoun 1SG ('I') — absolutive and ergative,Ilya Sadakov,Ilya Sadakov,16,4,2023,Pronoun,Ikhrek,zɨ,Я рутулец,zɨ mɨχaˁšur jiʔi
12,"Forms of pronoun 1SG (ABS, ERG)",I.ABS,Forms of the personal pronoun 1SG ('I') — absolutive and ergative,Ilya Sadakov,Ilya Sadakov,16,4,2023,Pronoun,Dzhilikhur,zɨ,Я рутулец,zɨ mɨˁχaˁdɨ i
12,"Forms of pronoun 1SG (ABS, ERG)",I.ABS,Forms of the personal pronoun 1SG ('I') — absolutive and ergative,Ilya Sadakov,Ilya Sadakov,16,4,2023,Pronoun,Dzhilikhur,zɨ,Я рутулец,zɨ mɨχaˁdɨ ji
12,"Forms of pronoun 1SG (ABS, ERG)",I.ABS,Forms of the personal pronoun 1SG ('I') — absolutive and ergative,Ilya Sadakov,Ilya Sadakov,16,4,2023,Pronoun,Khnov,ji,Я рутулец,ji mɨˁχašur i
12,"Forms of pronoun 1SG (ABS, ERG)",I.ABS,Forms of the personal pronoun 1SG ('I') — absolutive and ergative,Ilya Sadakov,Ilya Sadakov,16,4,2023,Pronoun,Khnov,ji,Я рутулец,ji mɨˁχaˁšur i
12,"Forms of pronoun 1SG (ABS, ERG)",I.ABS,Forms of the personal pronoun 1SG ('I') — absolutive and ergative,Ilya Sadakov,Ilya Sadakov,16,4,2023,Pronoun,Khnov,ji,Я рутулец,ji mɨˁχaˁšura i
12,"Forms of pronoun 1SG (ABS, ERG)",I.ABS,Forms of the personal pronoun 1SG ('I') — absolutive and ergative,Ilya Sadakov,Ilya Sadakov,16,4,2023,Pronoun,Kiche,zɨ,Я рутулец,zɨ mɨˁχaˁšur a
12,"Forms of pronoun 1SG (ABS, ERG)",I.ABS,Forms of the personal pronoun 1SG ('I') — absolutive and ergative,Ilya Sadakov,Ilya Sadakov,16,4,2023,Pronoun,Kiche,zɨ,Я рутулец,zɨ mɨˁχaːdɨ jiʔi
12,"Forms of pronoun 1SG (ABS, ERG)",I.ABS,Forms of the personal pronoun 1SG ('I') — absolutive and ergative,Ilya Sadakov,Ilya Sadakov,16,4,2023,Pronoun,Shinaz,zɨ,Я рутулец,zɨ rutulec jiʔi
12,"Forms of pronoun 1SG (ABS, ERG)",I.ABS,Forms of the personal pronoun 1SG ('I') — absolutive and ergative,Ilya Sadakov,Ilya Sadakov,16,4,2023,Pronoun,Shinaz,zɨ,Я рутулец,zɨ mɨˁχaˁšur a
12,"Forms of pronoun 1SG (ABS, ERG)",I.ABS,Forms of the personal pronoun 1SG ('I') — absolutive and ergative,Ilya Sadakov,Ilya Sadakov,16,4,2023,Pronoun,Kala,zɨ,Я рутулец,zɨ mɨχaˁšura i
12,"Forms of pronoun 1SG (ABS, ERG)",I.ABS,Forms of the personal pronoun 1SG ('I') — absolutive and ergative,Ilya Sadakov,Ilya Sadakov,16,4,2023,Pronoun,Kala,zɨ,Я рутулец,zɨ mɨˁχaˁːd jiʔi
12,"Forms of pronoun 1SG (ABS, ERG)",I.ABS,Forms of the personal pronoun 1SG ('I') — absolutive and ergative,Ilya Sadakov,Ilya Sadakov,16,4,2023,Pronoun,Amsar,zɨ,Я рутулец,zɨ mɨˁχaˁšura i
12,"Forms of pronoun 1SG (ABS, ERG)",I.ABS,Forms of the personal pronoun 1SG ('I') — absolutive and ergative,Ilya Sadakov,Ilya Sadakov,16,4,2023,Pronoun,Amsar,zɨ,Я рутулец,zɨ mɨˁχaˁšura i
12,"Forms of pronoun 1SG (ABS, ERG)",I.ABS,Forms of the personal pronoun 1SG ('I') — absolutive and ergative,Ilya Sadakov,Ilya Sadakov,16,4,2023,Pronoun,Rutul,zɨ,Я рутулец,zɨ mɨˁχaˁšura i
12,"Forms of pronoun 1SG (ABS, ERG)",I.ABS,Forms of the personal pronoun 1SG ('I') — absolutive and ergative,Ilya Sadakov,Ilya Sadakov,16,4,2023,Pronoun,Rutul,zɨ,Я рутулец,zɨ mɨˁχaˁšura i
12,"Forms of pronoun 1SG (ABS, ERG)",I.ABS,Forms of the personal pronoun 1SG ('I') — absolutive and ergative,Ilya Sadakov,Ilya Sadakov,16,4,2023,Pronoun,Kufa,zɨ,Я рутулец,zɨ mɨχaˁšura jiʔi
12,"Forms of pronoun 1SG (ABS, ERG)",I.ABS,Forms of the personal pronoun 1SG ('I') — absolutive and ergative,Ilya Sadakov,Ilya Sadakov,16,4,2023,Pronoun,Kufa,zɨ,Я рутулец,zɨ mɨˁχaˁːdɨ i
12,"Forms of pronoun 1SG (ABS, ERG)",I.ERG,Forms of the personal pronoun 1SG ('I') — absolutive and ergative,Maksim Melenchenko,Ilya Sadakov,16,4,2023,Pronoun,Kina,zad,Я так сказал,zad ha:sa huxura
12,"Forms of pronoun 1SG (ABS, ERG)",I.ERG,Forms of the personal pronoun 1SG ('I') — absolutive and ergative,Ilya Sadakov,Ilya Sadakov,16,4,2023,Pronoun,Kina,zad,Я так сказал,zad haasa huxur
12,"Forms of pronoun 1SG (ABS, ERG)",I.ERG,Forms of the personal pronoun 1SG ('I') — absolutive and ergative,Ilya Sadakov,Ilya Sadakov,16,4,2023,Pronoun,Luchek,zad,Я так сказал,zad haasa huxud i
12,"Forms of pronoun 1SG (ABS, ERG)",I.ERG,Forms of the personal pronoun 1SG ('I') — absolutive and ergative,Ilya Sadakov,Ilya Sadakov,16,4,2023,Pronoun,Luchek,zad,Я так сказал,zad haasa huxur
12,"Forms of pronoun 1SG (ABS, ERG)",I.ERG,Forms of the personal pronoun 1SG ('I') — absolutive and ergative,Ilya Sadakov,Ilya Sadakov,16,4,2023,Pronoun,Myukhrek,zada,Я так сказал,zada miisa huxurij
12,"Forms of pronoun 1SG (ABS, ERG)",I.ERG,Forms of the personal pronoun 1SG ('I') — absolutive and ergative,Ilya Sadakov,Ilya Sadakov,16,4,2023,Pronoun,Myukhrek,zad,Я так сказал,zad haasa huxurij
12,"Forms of pronoun 1SG (ABS, ERG)",I.ERG,Forms of the personal pronoun 1SG ('I') — absolutive and ergative,Ilya Sadakov,Ilya Sadakov,16,4,2023,Pronoun,Ikhrek,zɨj ; zatti,Я так сказал,zɨj / zatti haasa huxuri
12,"Forms of pronoun 1SG (ABS, ERG)",I.ERG,Forms of the personal pronoun 1SG ('I') — absolutive and ergative,Ilya Sadakov,Ilya Sadakov,16,4,2023,Pronoun,Ikhrek,zɨj,Я так сказал,zɨj haasa huxuri
12,"Forms of pronoun 1SG (ABS, ERG)",I.ERG,Forms of the personal pronoun 1SG ('I') — absolutive and ergative,Ilya Sadakov,Ilya Sadakov,16,4,2023,Pronoun,Dzhilikhur,zad,Я так сказал,zad haasa huxura
12,"Forms of pronoun 1SG (ABS, ERG)",I.ERG,Forms of the personal pronoun 1SG ('I') — absolutive and ergative,Ilya Sadakov,Ilya Sadakov,16,4,2023,Pronoun,Dzhilikhur,zad,Я так сказал,zad haasa huxur a
12,"Forms of pronoun 1SG (ABS, ERG)",I.ERG,Forms of the personal pronoun 1SG ('I') — absolutive and ergative,Ilya Sadakov,Ilya Sadakov,16,4,2023,Pronoun,Khnov,jiǯ,Я так сказал,jiǯ hawasa hɨfɨr i
12,"Forms of pronoun 1SG (ABS, ERG)",I.ERG,Forms of the personal pronoun 1SG ('I') — absolutive and ergative,Ilya Sadakov,Ilya Sadakov,16,4,2023,Pronoun,Khnov,jiǯ,Я так сказал,jiǯ hawasa hɨfɨ
12,"Forms of pronoun 1SG (ABS, ERG)",I.ERG,Forms of the personal pronoun 1SG ('I') — absolutive and ergative,Ilya Sadakov,Ilya Sadakov,16,4,2023,Pronoun,Khnov,jiǯ,Я так сказал,jiǯ hawasa hɨfɨri
12,"Forms of pronoun 1SG (ABS, ERG)",I.ERG,Forms of the personal pronoun 1SG ('I') — absolutive and ergative,Ilya Sadakov,Ilya Sadakov,16,4,2023,Pronoun,Kiche,za,Я так сказал,za hemise huxuri
12,"Forms of pronoun 1SG (ABS, ERG)",I.ERG,Forms of the personal pronoun 1SG ('I') — absolutive and ergative,Ilya Sadakov,Ilya Sadakov,16,4,2023,Pronoun,Kiche,za,Я так сказал,za haasa huxur
12,"Forms of pronoun 1SG (ABS, ERG)",I.ERG,Forms of the personal pronoun 1SG ('I') — absolutive and ergative,Ilya Sadakov,Ilya Sadakov,16,4,2023,Pronoun,Shinaz,zɨj,Я так сказал,zɨj haas xu
12,"Forms of pronoun 1SG (ABS, ERG)",I.ERG,Forms of the personal pronoun 1SG ('I') — absolutive and ergative,Ilya Sadakov,Ilya Sadakov,16,4,2023,Pronoun,Shinaz,zɨj,Я так сказал,zɨj haas xur
12,"Forms of pronoun 1SG (ABS, ERG)",I.ERG,Forms of the personal pronoun 1SG ('I') — absolutive and ergative,Ilya Sadakov,Ilya Sadakov,16,4,2023,Pronoun,Kala,zad,Я так сказал,zad mise xur
12,"Forms of pronoun 1SG (ABS, ERG)",I.ERG,Forms of the personal pronoun 1SG ('I') — absolutive and ergative,Ilya Sadakov,Ilya Sadakov,16,4,2023,Pronoun,Kala,zad,Я так сказал,zad haas huxur
12,"Forms of pronoun 1SG (ABS, ERG)",I.ERG,Forms of the personal pronoun 1SG ('I') — absolutive and ergative,Ilya Sadakov,Ilya Sadakov,16,4,2023,Pronoun,Amsar,zad,Я так сказал,zad haas huxur
12,"Forms of pronoun 1SG (ABS, ERG)",I.ERG,Forms of the personal pronoun 1SG ('I') — absolutive and ergative,Ilya Sadakov,Ilya Sadakov,16,4,2023,Pronoun,Amsar,zad,Я так сказал,zad haas huxur
12,"Forms of pronoun 1SG (ABS, ERG)",I.ERG,Forms of the personal pronoun 1SG ('I') — absolutive and ergative,Ilya Sadakov,Ilya Sadakov,16,4,2023,Pronoun,Rutul,za,Я так сказал,za haasa huxuri
12,"Forms of pronoun 1SG (ABS, ERG)",I.ERG,Forms of the personal pronoun 1SG ('I') — absolutive and ergative,Ilya Sadakov,Ilya Sadakov,16,4,2023,Pronoun,Rutul,za,Я так сказал,za haasa huxuri
12,"Forms of pronoun 1SG (ABS, ERG)",I.ERG,Forms of the personal pronoun 1SG ('I') — absolutive and ergative,Ilya Sadakov,Ilya Sadakov,16,4,2023,Pronoun,Kufa,za,Я так сказал,za haasa huxuri
12,"Forms of pronoun 1SG (ABS, ERG)",I.ERG,Forms of the personal pronoun 1SG ('I') — absolutive and ergative,Ilya Sadakov,Ilya Sadakov,16,4,2023,Pronoun,Kufa,za,Я так сказал,za haasa huxuri
13,"Forms of pronoun 2SG (ABS, ERG)",you.ABS,Forms of the personal pronoun 2SG ('you' singular) — absolutive and ergative,Maksim Melenchenko,Ilya Sadakov,16,4,2023,Pronoun,Kina,wɨ,Ты рутулец,wɨ mɨχaˁdɨ (jiʔi)
13,"Forms of pronoun 2SG (ABS, ERG)",you.ABS,Forms of the personal pronoun 2SG ('you' singular) — absolutive and ergative,Ilya Sadakov,Ilya Sadakov,16,4,2023,Pronoun,Kina,wɨ,Ты рутулец,wɨ mɨχaˁšura jiʔi
13,"Forms of pronoun 2SG (ABS, ERG)",you.ABS,Forms of the personal pronoun 2SG ('you' singular) — absolutive and ergative,Ilya Sadakov,Ilya Sadakov,16,4,2023,Pronoun,Luchek,wɨ,Ты рутулец,wɨ mɨχaˁšura i
13,"Forms of pronoun 2SG (ABS, ERG)",you.ABS,Forms of the personal pronoun 2SG ('you' singular) — absolutive and ergative,Ilya Sadakov,Ilya Sadakov,16,4,2023,Pronoun,Luchek,wɨ,Ты рутулец,wɨ mɨχašura i
13,"Forms of pronoun 2SG (ABS, ERG)",you.ABS,Forms of the personal pronoun 2SG ('you' singular) — absolutive and ergative,Ilya Sadakov,Ilya Sadakov,16,4,2023,Pronoun,Myukhrek,wɨ,Ты из Мюхрека,wɨ mɨˁxreklaːd i
13,"Forms of pronoun 2SG (ABS, ERG)",you.ABS,Forms of the personal pronoun 2SG ('you' singular) — absolutive and ergative,Ilya Sadakov,Ilya Sadakov,16,4,2023,Pronoun,Ikhrek,ʁu,Ты рутулец,ʁu mɨˁχaˁdɨ i
13,"Forms of pronoun 2SG (ABS, ERG)",you.ABS,Forms of the personal pronoun 2SG ('you' singular) — absolutive and ergative,Ilya Sadakov,Ilya Sadakov,16,4,2023,Pronoun,Ikhrek,ʁu,Ты рутулец,ʁu rutulec
13,"Forms of pronoun 2SG (ABS, ERG)",you.ABS,Forms of the personal pronoun 2SG ('you' singular) — absolutive and ergative,Ilya Sadakov,Ilya Sadakov,16,4,2023,Pronoun,Dzhilikhur,wɨ,Ты рутулец,wɨ mɨˁχaˁdɨ i
13,"Forms of pronoun 2SG (ABS, ERG)",you.ABS,Forms of the personal pronoun 2SG ('you' singular) — absolutive and ergative,Ilya Sadakov,Ilya Sadakov,16,4,2023,Pronoun,Dzhilikhur,wɨ,Ты рутулец,wɨ mɨχaˁdɨ ji
13,"Forms of pronoun 2SG (ABS, ERG)",you.ABS,Forms of the personal pronoun 2SG ('you' singular) — absolutive and ergative,Ilya Sadakov,Ilya Sadakov,16,4,2023,Pronoun,Khnov,ʁu,Ты рутулец,ʁu mɨˁχašur i
13,"Forms of pronoun 2SG (ABS, ERG)",you.ABS,Forms of the personal pronoun 2SG ('you' singular) — absolutive and ergative,Ilya Sadakov,Ilya Sadakov,16,4,2023,Pronoun,Khnov,ʁu,Ты рутулец,ʁu mɨˁχaˁšur i
13,"Forms of pronoun 2SG (ABS, ERG)",you.ABS,Forms of the personal pronoun 2SG ('you' singular) — absolutive and ergative,Ilya Sadakov,Ilya Sadakov,16,4,2023,Pronoun,Khnov,ʁu,Ты рутулец,ʁu mɨˁχaˁšura i
13,"Forms of pronoun 2SG (ABS, ERG)",you.ABS,Forms of the personal pronoun 2SG ('you' singular) — absolutive and ergative,Ilya Sadakov,Ilya Sadakov,16,4,2023,Pronoun,Kiche,wɨ,Ты рутулец,wɨ mɨˁχaˁšur a
13,"Forms of pronoun 2SG (ABS, ERG)",you.ABS,Forms of the personal pronoun 2SG ('you' singular) — absolutive and ergative,Ilya Sadakov,Ilya Sadakov,16,4,2023,Pronoun,Kiche,wɨ,Ты рутулец,wɨ mɨˁχaːdɨ jiʔi
13,"Forms of pronoun 2SG (ABS, ERG)",you.ABS,Forms of the personal pronoun 2SG ('you' singular) — absolutive and ergative,Ilya Sadakov,Ilya Sadakov,16,4,2023,Pronoun,Shinaz,ʁu,Ты рутулец,ʁu rutulec jiʔi
13,"Forms of pronoun 2SG (ABS, ERG)",you.ABS,Forms of the personal pronoun 2SG ('you' singular) — absolutive and ergative,Ilya Sadakov,Ilya Sadakov,16,4,2023,Pronoun,Shinaz,ʁu,Ты рутулец,ʁu mɨˁχaˁšur a
13,"Forms of pronoun 2SG (ABS, ERG)",you.ABS,Forms of the personal pronoun 2SG ('you' singular) — absolutive and ergative,Ilya Sadakov,Ilya Sadakov,16,4,2023,Pronoun,Kala,wɨ,Ты рутулец,wɨ mɨχaˁːdɨ i
13,"Forms of pronoun 2SG (ABS, ERG)",you.ABS,Forms of the personal pronoun 2SG ('you' singular) — absolutive and ergative,Ilya Sadakov,Ilya Sadakov,16,4,2023,Pronoun,Kala,wɨ,Ты рутулец,wɨ mɨˁχaˁːd jiʔi
13,"Forms of pronoun 2SG (ABS, ERG)",you.ABS,Forms of the personal pronoun 2SG ('you' singular) — absolutive and ergative,Ilya Sadakov,Ilya Sadakov,16,4,2023,Pronoun,Amsar,wɨ,Ты рутулец,wɨ mɨˁχaˁšura i
13,"Forms of pronoun 2SG (ABS, ERG)",you.ABS,Forms of the personal pronoun 2SG ('you' singular) — absolutive and ergative,Ilya Sadakov,Ilya Sadakov,16,4,2023,Pronoun,Amsar,wɨ,Ты рутулец,wɨ mɨˁχaˁšura i
13,"Forms of pronoun 2SG (ABS, ERG)",you.ABS,Forms of the personal pronoun 2SG ('you' singular) — absolutive and ergative,Ilya Sadakov,Ilya Sadakov,16,4,2023,Pronoun,Rutul,wɨ,Ты рутулец,wɨ mɨˁχaˁšura i
13,"Forms of pronoun 2SG (ABS, ERG)",you.ABS,Forms of the personal pronoun 2SG ('you' singular) — absolutive and ergative,Ilya Sadakov,Ilya Sadakov,16,4,2023,Pronoun,Rutul,wɨ,Ты рутулец,wɨ mɨˁχaˁšura i
13,"Forms of pronoun 2SG (ABS, ERG)",you.ABS,Forms of the personal pronoun 2SG ('you' singular) — absolutive and ergative,Ilya Sadakov,Ilya Sadakov,16,4,2023,Pronoun,Kufa,wɨ,Ты рутулец,wɨ rutulec jiʔi
13,"Forms of pronoun 2SG (ABS, ERG)",you.ABS,Forms of the personal pronoun 2SG ('you' singular) — absolutive and ergative,Ilya Sadakov,Ilya Sadakov,16,4,2023,Pronoun,Kufa,wɨ,Ты рутулец,wɨ mɨˁχaˁːdɨ i
13,"Forms of pronoun 2SG (ABS, ERG)",you.ERG,Forms of the personal pronoun 2SG ('you' singular) — absolutive and ergative,Maksim Melenchenko,Ilya Sadakov,16,4,2023,Pronoun,Kina,wad,Ты это сказал,wad had huxuraj
13,"Forms of pronoun 2SG (ABS, ERG)",you.ERG,Forms of the personal pronoun 2SG ('you' singular) — absolutive and ergative,Ilya Sadakov,Ilya Sadakov,16,4,2023,Pronoun,Kina,wad,Ты это сказал,wad haasa huxur
13,"Forms of pronoun 2SG (ABS, ERG)",you.ERG,Forms of the personal pronoun 2SG ('you' singular) — absolutive and ergative,Ilya Sadakov,Ilya Sadakov,16,4,2023,Pronoun,Luchek,wad,Ты это сказал,wad huxud i
13,"Forms of pronoun 2SG (ABS, ERG)",you.ERG,Forms of the personal pronoun 2SG ('you' singular) — absolutive and ergative,Ilya Sadakov,Ilya Sadakov,16,4,2023,Pronoun,Luchek,wad,Ты это сказал,wad had huxura
13,"Forms of pronoun 2SG (ABS, ERG)",you.ERG,Forms of the personal pronoun 2SG ('you' singular) — absolutive and ergative,Ilya Sadakov,Ilya Sadakov,16,4,2023,Pronoun,Myukhrek,wada,Ты это сказал,wada huxur haasa
13,"Forms of pronoun 2SG (ABS, ERG)",you.ERG,Forms of the personal pronoun 2SG ('you' singular) — absolutive and ergative,Ilya Sadakov,Ilya Sadakov,16,4,2023,Pronoun,Ikhrek,ʁuj ; ʁatti,Ты это сказал,ʁuj / ʁatti haasa huxuri
13,"Forms of pronoun 2SG (ABS, ERG)",you.ERG,Forms of the personal pronoun 2SG ('you' singular) — absolutive and ergative,Ilya Sadakov,Ilya Sadakov,16,4,2023,Pronoun,Ikhrek,ʁuj,Ты это сказал,ʁuj huxuri haasa
13,"Forms of pronoun 2SG (ABS, ERG)",you.ERG,Forms of the personal pronoun 2SG ('you' singular) — absolutive and ergative,Ilya Sadakov,Ilya Sadakov,16,4,2023,Pronoun,Dzhilikhur,wad,Ты это сказал,wad haasa huxura
13,"Forms of pronoun 2SG (ABS, ERG)",you.ERG,Forms of the personal pronoun 2SG ('you' singular) — absolutive and ergative,Ilya Sadakov,Ilya Sadakov,16,4,2023,Pronoun,Dzhilikhur,wad,Ты это сказал,wad had huxur a
13,"Forms of pronoun 2SG (ABS, ERG)",you.ERG,Forms of the personal pronoun 2SG ('you' singular) — absolutive and ergative,Ilya Sadakov,Ilya Sadakov,16,4,2023,Pronoun,Khnov,ʁuǯ,Ты это сказал,ʁuǯ mid hɨfɨr i
13,"Forms of pronoun 2SG (ABS, ERG)",you.ERG,Forms of the personal pronoun 2SG ('you' singular) — absolutive and ergative,Ilya Sadakov,Ilya Sadakov,16,4,2023,Pronoun,Khnov,ʁuǯ,Ты это сказал,ʁuǯ hawadɨ hɨfɨ i
13,"Forms of pronoun 2SG (ABS, ERG)",you.ERG,Forms of the personal pronoun 2SG ('you' singular) — absolutive and ergative,Ilya Sadakov,Ilya Sadakov,16,4,2023,Pronoun,Khnov,ʁuǯ,Ты это сказал,ʁuǯ hawad hɨfɨri
13,"Forms of pronoun 2SG (ABS, ERG)",you.ERG,Forms of the personal pronoun 2SG ('you' singular) — absolutive and ergative,Ilya Sadakov,Ilya Sadakov,16,4,2023,Pronoun,Kiche,wa,Ты это сказал,wa had huxuri me
13,"Forms of pronoun 2SG (ABS, ERG)",you.ERG,Forms of the personal pronoun 2SG ('you' singular) — absolutive and ergative,Ilya Sadakov,Ilya Sadakov,16,4,2023,Pronoun,Kiche,wa,Ты это сказал,wa haasa huxur
13,"Forms of pronoun 2SG (ABS, ERG)",you.ERG,Forms of the personal pronoun 2SG ('you' singular) — absolutive and ergative,Ilya Sadakov,Ilya Sadakov,16,4,2023,Pronoun,Shinaz,ʁuj,Ты это сказал,ʁuj haas xur
13,"Forms of pronoun 2SG (ABS, ERG)",you.ERG,Forms of the personal pronoun 2SG ('you' singular) — absolutive and ergative,Ilya Sadakov,Ilya Sadakov,16,4,2023,Pronoun,Shinaz,ʁuj,Ты это сказал,ʁuj haas xur
13,"Forms of pronoun 2SG (ABS, ERG)",you.ERG,Forms of the personal pronoun 2SG ('you' singular) — absolutive and ergative,Ilya Sadakov,Ilya Sadakov,16,4,2023,Pronoun,Kala,wad,Ты это сказал,wad xur a
13,"Forms of pronoun 2SG (ABS, ERG)",you.ERG,Forms of the personal pronoun 2SG ('you' singular) — absolutive and ergative,Ilya Sadakov,Ilya Sadakov,16,4,2023,Pronoun,Kala,wad,Ты это сказал,wad haas huxur
13,"Forms of pronoun 2SG (ABS, ERG)",you.ERG,Forms of the personal pronoun 2SG ('you' singular) — absolutive and ergative,Ilya Sadakov,Ilya Sadakov,16,4,2023,Pronoun,Amsar,wad,Ты это сказал,wad haas huxur
13,"Forms of pronoun 2SG (ABS, ERG)",you.ERG,Forms of the personal pronoun 2SG ('you' singular) — absolutive and ergative,Ilya Sadakov,Ilya Sadakov,16,4,2023,Pronoun,Amsar,wad,Ты это сказал,wad had huxur
13,"Forms of pronoun 2SG (ABS, ERG)",you.ERG,Forms of the personal pronoun 2SG ('you' singular) — absolutive and ergative,Ilya Sadakov,Ilya Sadakov,16,4,2023,Pronoun,Rutul,wa,Ты это сказал,ha wa huxuri
13,"Forms of pronoun 2SG (ABS, ERG)",you.ERG,Forms of the personal pronoun 2SG ('you' singular) — absolutive and ergative,Ilya Sadakov,Ilya Sadakov,16,4,2023,Pronoun,Rutul,wa,Ты это сказал,wa haasa huxuri
13,"Forms of pronoun 2SG (ABS, ERG)",you.ERG,Forms of the personal pronoun 2SG ('you' singular) — absolutive and ergative,Ilya Sadakov,Ilya Sadakov,16,4,2023,Pronoun,Kufa,wa,Ты это сказал,wa haasa huxuri
13,"Forms of pronoun 2SG (ABS, ERG)",you.ERG,Forms of the personal pronoun 2SG ('you' singular) — absolutive and ergative,Ilya Sadakov,Ilya Sadakov,16,4,2023,Pronoun,Kufa,wa,Ты это сказал,wa [...] huxuri
10,Ergative marker in “I-ERG you-ABS”,,"In the context with the ergative 1st person participant and the absolutive 2nd person participant ('I-ERG you-ABS'), is the ergative case marker zero, overt, or it varies?",Maksim Melenchenko,Ilya Sadakov,16,4,2023,Pronoun,Kina,VARIES,Я тебя побью!,"za wɨ jetasɨ, ok zad"
10,Ergative marker in “I-ERG you-ABS”,,"In the context with the ergative 1st person participant and the absolutive 2nd person participant ('I-ERG you-ABS'), is the ergative case marker zero, overt, or it varies?",Ilya Sadakov,Ilya Sadakov,16,4,2023,Pronoun,Kina,VARIES,Я тебя побью!,za(d) wɨ jetasɨ
10,Ergative marker in “I-ERG you-ABS”,,"In the context with the ergative 1st person participant and the absolutive 2nd person participant ('I-ERG you-ABS'), is the ergative case marker zero, overt, or it varies?",Ilya Sadakov,Ilya Sadakov,16,4,2023,Pronoun,Luchek,VARIES,Я тебя побью!,"za was hixis; za wɨ jetas, ok zad"
10,Ergative marker in “I-ERG you-ABS”,,"In the context with the ergative 1st person participant and the absolutive 2nd person participant ('I-ERG you-ABS'), is the ergative case marker zero, overt, or it varies?",Ilya Sadakov,Ilya Sadakov,16,4,2023,Pronoun,Luchek,VARIES,Я тебя побью!,"za wɨ jetasɨ, ok zad"
10,Ergative marker in “I-ERG you-ABS”,,"In the context with the ergative 1st person participant and the absolutive 2nd person participant ('I-ERG you-ABS'), is the ergative case marker zero, overt, or it varies?",Ilya Sadakov,Ilya Sadakov,16,4,2023,Pronoun,Myukhrek,VARIES,Я тебя побью!,za(d) wɨ jetasɨ
10,Ergative marker in “I-ERG you-ABS”,,"In the context with the ergative 1st person participant and the absolutive 2nd person participant ('I-ERG you-ABS'), is the ergative case marker zero, overt, or it varies?",Ilya Sadakov,Ilya Sadakov,16,4,2023,Pronoun,Myukhrek,VARIES,Я тебя побью!,"za wɨ jetasɨ, ok zad(a)"
10,Ergative marker in “I-ERG you-ABS”,,"In the context with the ergative 1st person participant and the absolutive 2nd person participant ('I-ERG you-ABS'), is the ergative case marker zero, overt, or it varies?",Ilya Sadakov,Ilya Sadakov,16,4,2023,Pronoun,Ikhrek,VARIES,Я тебя побью!,"zɨ wɨ jetastɨj, ok zɨj"
10,Ergative marker in “I-ERG you-ABS”,,"In the context with the ergative 1st person participant and the absolutive 2nd person participant ('I-ERG you-ABS'), is the ergative case marker zero, overt, or it varies?",Ilya Sadakov,Ilya Sadakov,16,4,2023,Pronoun,Ikhrek,VARIES,Я тебя побью!,zɨ(j) wɨ jetastɨ
10,Ergative marker in “I-ERG you-ABS”,,"In the context with the ergative 1st person participant and the absolutive 2nd person participant ('I-ERG you-ABS'), is the ergative case marker zero, overt, or it varies?",Ilya Sadakov,Ilya Sadakov,16,4,2023,Pronoun,Dzhilikhur,VARIES,Я тебя побью!,"za wɨ jetasɨ, ok zad"
10,Ergative marker in “I-ERG you-ABS”,,"In the context with the ergative 1st person participant and the absolutive 2nd person participant ('I-ERG you-ABS'), is the ergative case marker zero, overt, or it varies?",Ilya Sadakov,Ilya Sadakov,16,4,2023,Pronoun,Dzhilikhur,VARIES,Я тебя побью!,"zad wɨ jetas, ok za"
10,Ergative marker in “I-ERG you-ABS”,,"In the context with the ergative 1st person participant and the absolutive 2nd person participant ('I-ERG you-ABS'), is the ergative case marker zero, overt, or it varies?",Ilya Sadakov,Ilya Sadakov,16,4,2023,Pronoun,Khnov,OVERT,Я тебя побью!,"jiǯ ʁʷa ʁiχis, *ji"
10,Ergative marker in “I-ERG you-ABS”,,"In the context with the ergative 1st person participant and the absolutive 2nd person participant ('I-ERG you-ABS'), is the ergative case marker zero, overt, or it varies?",Ilya Sadakov,Ilya Sadakov,16,4,2023,Pronoun,Khnov,OVERT,Я тебя побью!,"jiǯ wa ʁɨχis i, *ji"
10,Ergative marker in “I-ERG you-ABS”,,"In the context with the ergative 1st person participant and the absolutive 2nd person participant ('I-ERG you-ABS'), is the ergative case marker zero, overt, or it varies?",Ilya Sadakov,Ilya Sadakov,16,4,2023,Pronoun,Khnov,OVERT,Я тебя побью!,"jiǯ ʁa ʁiχis i, *ji"
10,Ergative marker in “I-ERG you-ABS”,,"In the context with the ergative 1st person participant and the absolutive 2nd person participant ('I-ERG you-ABS'), is the ergative case marker zero, overt, or it varies?",Ilya Sadakov,Ilya Sadakov,16,4,2023,Pronoun,Kiche,ZERO,Я тебя побью!,"za wɨ jetasi, *zad"
10,Ergative marker in “I-ERG you-ABS”,,"In the context with the ergative 1st person participant and the absolutive 2nd person participant ('I-ERG you-ABS'), is the ergative case marker zero, overt, or it varies?",Ilya Sadakov,Ilya Sadakov,16,4,2023,Pronoun,Kiche,ZERO,Я тебя побью!,"za wɨ jetasi, ?zad"
10,Ergative marker in “I-ERG you-ABS”,,"In the context with the ergative 1st person participant and the absolutive 2nd person participant ('I-ERG you-ABS'), is the ergative case marker zero, overt, or it varies?",Ilya Sadakov,Ilya Sadakov,16,4,2023,Pronoun,Shinaz,VARIES,Я тебя побью!,"zɨ was ʁɨχes; zɨ ʁu jiχas, ok zɨj"
10,Ergative marker in “I-ERG you-ABS”,,"In the context with the ergative 1st person participant and the absolutive 2nd person participant ('I-ERG you-ABS'), is the ergative case marker zero, overt, or it varies?",Ilya Sadakov,Ilya Sadakov,16,4,2023,Pronoun,Kala,VARIES,Я тебя побью!,"za wɨ jiχas, ok zad"
10,Ergative marker in “I-ERG you-ABS”,,"In the context with the ergative 1st person participant and the absolutive 2nd person participant ('I-ERG you-ABS'), is the ergative case marker zero, overt, or it varies?",Ilya Sadakov,Ilya Sadakov,16,4,2023,Pronoun,Kala,VARIES,Я тебя побью!,"zad wɨ jiχaˁs, ok za"
10,Ergative marker in “I-ERG you-ABS”,,"In the context with the ergative 1st person participant and the absolutive 2nd person participant ('I-ERG you-ABS'), is the ergative case marker zero, overt, or it varies?",Ilya Sadakov,Ilya Sadakov,16,4,2023,Pronoun,Amsar,OVERT,Я тебя побью!,"zad wɨ jiχaˁs, *za"
10,Ergative marker in “I-ERG you-ABS”,,"In the context with the ergative 1st person participant and the absolutive 2nd person participant ('I-ERG you-ABS'), is the ergative case marker zero, overt, or it varies?",Ilya Sadakov,Ilya Sadakov,16,4,2023,Pronoun,Amsar,OVERT,Я тебя побью!,"zad wɨ jetas, *za"
10,Ergative marker in “I-ERG you-ABS”,,"In the context with the ergative 1st person participant and the absolutive 2nd person participant ('I-ERG you-ABS'), is the ergative case marker zero, overt, or it varies?",Ilya Sadakov,Ilya Sadakov,16,4,2023,Pronoun,Rutul,ZERO,Я тебя побью!,"za wɨ jetes, *zad"
10,Ergative marker in “I-ERG you-ABS”,,"In the context with the ergative 1st person participant and the absolutive 2nd person participant ('I-ERG you-ABS'), is the ergative case marker zero, overt, or it varies?",Ilya Sadakov,Ilya Sadakov,16,4,2023,Pronoun,Rutul,ZERO,Я тебя побью!,"za wɨ jetesɨ, *zad"
10,Ergative marker in “I-ERG you-ABS”,,"In the context with the ergative 1st person participant and the absolutive 2nd person participant ('I-ERG you-ABS'), is the ergative case marker zero, overt, or it varies?",Ilya Sadakov,Ilya Sadakov,16,4,2023,Pronoun,Kufa,ZERO,Я тебя побью!,"za wɨ jetesɨ, *zad"
10,Ergative marker in “I-ERG you-ABS”,,"In the context with the ergative 1st person participant and the absolutive 2nd person participant ('I-ERG you-ABS'), is the ergative case marker zero, overt, or it varies?",Ilya Sadakov,Ilya Sadakov,16,4,2023,Pronoun,Kufa,ZERO,Я тебя побью!,"za wɨ jetasɨ, *zad"
11,Ergative marker in “you-ERG I-ABS”,,"In the context with the ergative 2nd person participant and the absolutive 1st person participant ('you-ERG I-ABS'), is the ergative case marker zero, overt, or it varies?",Maksim Melenchenko,Ilya Sadakov,16,4,2023,Pronoun,Kina,OVERT,Ты меня побьёшь!,"wad zɨ jetasɨ, *wa"
11,Ergative marker in “you-ERG I-ABS”,,"In the context with the ergative 2nd person participant and the absolutive 1st person participant ('you-ERG I-ABS'), is the ergative case marker zero, overt, or it varies?",Ilya Sadakov,Ilya Sadakov,16,4,2023,Pronoun,Kina,VARIES,Ты меня побьёшь!,wa(d) zɨ jetasɨ
11,Ergative marker in “you-ERG I-ABS”,,"In the context with the ergative 2nd person participant and the absolutive 1st person participant ('you-ERG I-ABS'), is the ergative case marker zero, overt, or it varies?",Ilya Sadakov,Ilya Sadakov,16,4,2023,Pronoun,Luchek,OVERT,Ты меня побьёшь!,"wad zɨ jetas, *wa"
11,Ergative marker in “you-ERG I-ABS”,,"In the context with the ergative 2nd person participant and the absolutive 1st person participant ('you-ERG I-ABS'), is the ergative case marker zero, overt, or it varies?",Ilya Sadakov,Ilya Sadakov,16,4,2023,Pronoun,Luchek,VARIES,Ты меня побьёшь!,"wad zɨ jetasɨ, ok wad"
11,Ergative marker in “you-ERG I-ABS”,,"In the context with the ergative 2nd person participant and the absolutive 1st person participant ('you-ERG I-ABS'), is the ergative case marker zero, overt, or it varies?",Ilya Sadakov,Ilya Sadakov,16,4,2023,Pronoun,Myukhrek,VARIES,Ты меня побьёшь!,wa(d) zɨ qetasɨ
11,Ergative marker in “you-ERG I-ABS”,,"In the context with the ergative 2nd person participant and the absolutive 1st person participant ('you-ERG I-ABS'), is the ergative case marker zero, overt, or it varies?",Ilya Sadakov,Ilya Sadakov,16,4,2023,Pronoun,Myukhrek,OVERT,Ты меня побьёшь!,"wad zɨ jetasɨ, *wa"
11,Ergative marker in “you-ERG I-ABS”,,"In the context with the ergative 2nd person participant and the absolutive 1st person participant ('you-ERG I-ABS'), is the ergative case marker zero, overt, or it varies?",Ilya Sadakov,Ilya Sadakov,16,4,2023,Pronoun,Ikhrek,OVERT,Ты меня побьёшь!,"watti zɨ jetastɨj, *wa"
11,Ergative marker in “you-ERG I-ABS”,,"In the context with the ergative 2nd person participant and the absolutive 1st person participant ('you-ERG I-ABS'), is the ergative case marker zero, overt, or it varies?",Ilya Sadakov,Ilya Sadakov,16,4,2023,Pronoun,Ikhrek,VARIES,Ты меня побьёшь!,wɨ(j) zɨ jetastɨ
11,Ergative marker in “you-ERG I-ABS”,,"In the context with the ergative 2nd person participant and the absolutive 1st person participant ('you-ERG I-ABS'), is the ergative case marker zero, overt, or it varies?",Ilya Sadakov,Ilya Sadakov,16,4,2023,Pronoun,Dzhilikhur,VARIES,Ты меня побьёшь!,"wa zɨ jetasɨ, ok wad"
11,Ergative marker in “you-ERG I-ABS”,,"In the context with the ergative 2nd person participant and the absolutive 1st person participant ('you-ERG I-ABS'), is the ergative case marker zero, overt, or it varies?",Ilya Sadakov,Ilya Sadakov,16,4,2023,Pronoun,Dzhilikhur,OVERT,Ты меня побьёшь!,"wad zɨ jetas, *wa"
11,Ergative marker in “you-ERG I-ABS”,,"In the context with the ergative 2nd person participant and the absolutive 1st person participant ('you-ERG I-ABS'), is the ergative case marker zero, overt, or it varies?",Ilya Sadakov,Ilya Sadakov,16,4,2023,Pronoun,Khnov,OVERT,Ты меня побьёшь!,"wuǯ ja ʁiχis i, *wu"
11,Ergative marker in “you-ERG I-ABS”,,"In the context with the ergative 2nd person participant and the absolutive 1st person participant ('you-ERG I-ABS'), is the ergative case marker zero, overt, or it varies?",Ilya Sadakov,Ilya Sadakov,16,4,2023,Pronoun,Khnov,OVERT,Ты меня побьёшь!,"ʁuǯ ja ʁɨxis i, *ʁu"
11,Ergative marker in “you-ERG I-ABS”,,"In the context with the ergative 2nd person participant and the absolutive 1st person participant ('you-ERG I-ABS'), is the ergative case marker zero, overt, or it varies?",Ilya Sadakov,Ilya Sadakov,16,4,2023,Pronoun,Khnov,no data,Ты меня побьёшь!,ʁuǯ ja ʁuˁχis wi
11,Ergative marker in “you-ERG I-ABS”,,"In the context with the ergative 2nd person participant and the absolutive 1st person participant ('you-ERG I-ABS'), is the ergative case marker zero, overt, or it varies?",Ilya Sadakov,Ilya Sadakov,16,4,2023,Pronoun,Kiche,no data,Ты меня побьёшь!,wa zɨ jetasi
11,Ergative marker in “you-ERG I-ABS”,,"In the context with the ergative 2nd person participant and the absolutive 1st person participant ('you-ERG I-ABS'), is the ergative case marker zero, overt, or it varies?",Ilya Sadakov,Ilya Sadakov,16,4,2023,Pronoun,Kiche,ZERO,Ты меня побьёшь!,"wa zɨ jetasi, *wad"
11,Ergative marker in “you-ERG I-ABS”,,"In the context with the ergative 2nd person participant and the absolutive 1st person participant ('you-ERG I-ABS'), is the ergative case marker zero, overt, or it varies?",Ilya Sadakov,Ilya Sadakov,16,4,2023,Pronoun,Shinaz,VARIES,Ты меня побьёшь!,"ʁuj zɨ jiχas, ok ʁu"
11,Ergative marker in “you-ERG I-ABS”,,"In the context with the ergative 2nd person participant and the absolutive 1st person participant ('you-ERG I-ABS'), is the ergative case marker zero, overt, or it varies?",Ilya Sadakov,Ilya Sadakov,16,4,2023,Pronoun,Kala,OVERT,Ты меня побьёшь!,"wad zɨ jirχas, *wa"
11,Ergative marker in “you-ERG I-ABS”,,"In the context with the ergative 2nd person participant and the absolutive 1st person participant ('you-ERG I-ABS'), is the ergative case marker zero, overt, or it varies?",Ilya Sadakov,Ilya Sadakov,16,4,2023,Pronoun,Kala,OVERT,Ты меня побьёшь!,"wad zɨ jiχaˁs, ?wa"
11,Ergative marker in “you-ERG I-ABS”,,"In the context with the ergative 2nd person participant and the absolutive 1st person participant ('you-ERG I-ABS'), is the ergative case marker zero, overt, or it varies?",Ilya Sadakov,Ilya Sadakov,16,4,2023,Pronoun,Amsar,OVERT,Ты меня побьёшь!,"wad zɨ jiχaˁs, *wa"
11,Ergative marker in “you-ERG I-ABS”,,"In the context with the ergative 2nd person participant and the absolutive 1st person participant ('you-ERG I-ABS'), is the ergative case marker zero, overt, or it varies?",Ilya Sadakov,Ilya Sadakov,16,4,2023,Pronoun,Amsar,OVERT,Ты меня побьёшь!,"wad zɨ jetas, *wa"
11,Ergative marker in “you-ERG I-ABS”,,"In the context with the ergative 2nd person participant and the absolutive 1st person participant ('you-ERG I-ABS'), is the ergative case marker zero, overt, or it varies?",Ilya Sadakov,Ilya Sadakov,16,4,2023,Pronoun,Rutul,ZERO,Ты меня побьёшь!,"wa zɨ jetesɨ, *wad"
11,Ergative marker in “you-ERG I-ABS”,,"In the context with the ergative 2nd person participant and the absolutive 1st person participant ('you-ERG I-ABS'), is the ergative case marker zero, overt, or it varies?",Ilya Sadakov,Ilya Sadakov,16,4,2023,Pronoun,Rutul,ZERO,Ты меня побьёшь!,"wa zɨ jetesɨ, *wad"
11,Ergative marker in “you-ERG I-ABS”,,"In the context with the ergative 2nd person participant and the absolutive 1st person participant ('you-ERG I-ABS'), is the ergative case marker zero, overt, or it varies?",Ilya Sadakov,Ilya Sadakov,16,4,2023,Pronoun,Kufa,ZERO,Ты меня побьёшь!,"wa zɨ jetesɨ, *wad"
11,Ergative marker in “you-ERG I-ABS”,,"In the context with the ergative 2nd person participant and the absolutive 1st person participant ('you-ERG I-ABS'), is the ergative case marker zero, overt, or it varies?",Ilya Sadakov,Ilya Sadakov,16,4,2023,Pronoun,Kufa,ZERO,Ты меня побьёшь!,"wa zɨ jetasɨ, *wad"